{
    "dof": 2,
    "frequency": 0.4,
    "coefficient_number": 4,
    "coefficient_a": [0.3730438925768931, -0.03641104854070866, 0.21277739948510045, -0.6999920012752071, 0.6916751166354949, -0.6994202361797491, -0.6037569405488393, 0.6999830096617352],
    "coefficient_b": [-0.01403033608869538, -0.699988406681487, -0.6999350763891377, 0.699945529727066, 0.2584175918135619, -0.021247566162422746, -0.6999971600701378, 0.5891977222987586]
}