{
    "dof": 2,
    "frequency": 0.3,
    "coefficient_number": 7,
    "coefficient_a": [0.2801002100282271, -0.014032869490363684, -0.3999691660545958, 0.14426999320214044, 0.25448320473388338, 0.3999818356275087, 0.3999553685125474, -0.2403887982204087, -0.39999606693440578, -0.25935660203143098, -0.10265878107681573, -0.3999629627905099, 0.3999999351434636, 0.1546105582002276],
    "coefficient_b": [0.12262059108636908, -0.09895614931181447, 0.11028017156958914, -0.39998117897584337, 0.14666723426518425, -0.20522095110833483, 0.22081700873204289, -0.30210549318273957, -0.399987357963084, 0.1522610655301262, -0.06185984868781794, 0.39995993172022095, 0.1849548529565737, -0.3999915574201879]
}