{
    "dof": 2,
    "frequency": 0.3,
    "coefficient_number": 7,
    "coefficient_a": [-0.8297663971183077, 0.2955031595180867, 0.022732897826377393, 1.2046948375674918, 0.033241054873556299, -0.5028094671105691, -1.2999999011057766, 0.803551556394595, -0.24218615175593126, 1.2510244047917183, -0.017494414288041987, -0.4340434194736227, -0.6621257236852705, 0.15112874364058585],
    "coefficient_b": [-0.5517985997905781, -0.3765788093161737, -0.8505724629864245, 0.2279415712910817, 0.8276551308651371, -0.684856136398431, 0.19352189199485676, 0.26209344474170878, 0.3316200475671553, 0.011827638251352196, 0.44592456976284608, -0.028625619901818865, -0.8399155767630481, 0.3949526217022851]
}