{
    "dof": 2,
    "frequency": 0.8,
    "coefficient_number": 4,
    "coefficient_a": [0.8837205876919211, -0.27749358133252297, 1.1297004984971062, 0.7338521904494288, 1.8113971808551919, -0.6649617556070082, 0.4068404148391606, 1.0973585910737343],
    "coefficient_b": [-0.41682656357743788, -0.04112392303178214, 0.31555057753958029, -0.1696368854284816, -1.5999699163682837, -1.5939257908088194, 0.4184235373863162, 0.0420406455958334]
}