{
    "dof": 2,
    "frequency": 0.1,
    "coefficient_number": 7,
    "coefficient_a": [-0.3560271240692418, 0.32598682936201475, -0.0766431371426665, -0.09170945234934143, -0.23168594138161664, 0.23097614358977354, -0.22334230499922737, 0.4, 0.2426491368753849, 0.2580218237224456, 0.13684277926639186, -0.16359350081350636, -0.06946280425549729, -0.4],
    "coefficient_b": [0.07292937627938352, 0.03457411922473421, 0.14806107876273254, 0.010648456326431348, -0.23576473625445414, -0.05210950237247445, 0.15554181082486519, -0.3113861570327201, 0.13123730881266028, 0.20579406198825396, -0.16328302379471913, -0.23000387963033798, -0.016386258059726205, 0.1331862546854135]
}