{
    "dof": 2,
    "frequency": 0.1,
    "coefficient_number": 8,
    "coefficient_a": [-0.16158092036646624, -0.07445413014637083, -0.27599702349246049, -0.08200906575255272, -0.14145956546295, -0.17791449110548039, 0.3706590998378751, 0.39731981608159697, 0.03554305037512959, -0.005851433400329177, -0.043483746140690868, -0.07104003264757596, 0.10453482542982834, 0.30455866130716138, -0.1105150626836242, -0.24985605318523325],
    "coefficient_b": [-0.03392351375301133, 0.1372774632015114, 0.22264525569639705, -0.10294577629915985, -0.27665403301633997, 0.11366229285743673, 0.39670408166569068, -0.30793745536889796, 0.04685422355679814, 0.16049879287038727, -0.34807319551565965, -0.2544794319033043, 0.09131440875054726, -0.06940193887610284, -0.08124943049551425, 0.27059937405276199]
}