{
    "dof": 2,
    "frequency": 0.3,
    "coefficient_number": 7,
    "coefficient_a": [0.191792313215925, -0.07725145782667942, -0.4, -0.3056996646859731, 0.23630195272250877, -0.23251038844165348, 0.04274602739700271, -0.39989346006486756, 0.21480537739432105, 0.39999489877767399, -0.36390730214764968, -0.26573295136247257, 0.29300942488994438, 0.04216418052164427],
    "coefficient_b": [0.08880934919698683, -0.37271828019409028, -0.2254130601494688, -0.22628019077417228, -0.018935851154116596, -0.16063564967680106, 0.3999197893333983, -0.33507438204145725, 0.3980185068891846, 0.3685324325850759, -0.3999608281164646, 0.28310829911626786, 0.23501516119754663, -0.39998936940549109]
}