{
    "dof": 2,
    "frequency": 0.3,
    "coefficient_number": 7,
    "coefficient_a": [0.3999632729647399, -0.37964233848503289, -0.3999518303529587, 0.34985569548121117, -0.39993625054003148, 0.20921069772077847, 0.08561356129931545, -0.3999946670716186, 0.17271809674098649, -0.3999815390844832, 0.3618677969575634, 0.34484065676230815, -0.3999986353763729, -0.3999584924974489],
    "coefficient_b": [-0.330761619246492, 0.27540040124085499, -0.3999811240483518, 0.39999964553139058, 0.20848031173696139, -0.39998241897684497, 0.10776142700805118, -0.3789951230382616, 0.3999954647067084, -0.03552380440362755, -0.39838090642114118, 0.3999943982464492, 0.2750813568697051, -0.3554780446611058]
}